{
	"name": "Memory",
	"guilds": {
		"940199518660608000": {
			"id": "940199518660608000",
			"name": "Сервер тест",
			"muted": [],
			"prefix": "l/",
			"warns": 0,
			"pvRooms": [],
			"members": {
				"216623303882833920": {
					"id": "216623303882833920",
					"name": "𝐒𝐈𝐋𝐏𝐇",
					"guildId": "940199518660608000",
					"pVoiceID": [],
					"warns": []
				}
			}
		}
	},
	"users": {
		"216623303882833920": {
			"id": "216623303882833920",
			"name": "𝐒𝐈𝐋𝐏𝐇",
			"notes": []
		}
	}
}